姫子,ひめこ,人名,崩スタ/キャラクター
ヴェルト,ゔぇると,人名,崩スタ/キャラクター
ジェパード,じぇぱーど,人名,崩スタ/キャラクター
クラーラ,くらーら,人名,崩スタ/キャラクター
ブローニャ,ぶろーにゃ,人名,崩スタ/キャラクター
白露,びゃくろ,人名,崩スタ/キャラクター
彦卿,げんきょう,人名,崩スタ/キャラクター
ゼーレ,ぜーれ,人名,崩スタ/キャラクター
景元,けいげん,人名,崩スタ/キャラクター
三月なのか,みつきなのか,人名,崩スタ/キャラクター
丹恒,たんこう,人名,崩スタ/キャラクター
ヘルタ,へるた,人名,崩スタ/キャラクター
アスター,あすたー,人名,崩スタ/キャラクター
アーラン,あーらん,人名,崩スタ/キャラクター
ナターシャ,なたーしゃ,人名,崩スタ/キャラクター
フック,ふっく,人名,崩スタ/キャラクター
サンポ,さんぽ,人名,崩スタ/キャラクター
セーバル,せーばる,人名,崩スタ/キャラクター
ペラ,ぺら,人名,崩スタ/キャラクター
停雲,ていうん,人名,崩スタ/キャラクター
青雀,せいじゃく,人名,崩スタ/キャラクター
素裳,すしょう,人名,崩スタ/キャラクター
銀狼,ぎんろう,人名,崩スタ/キャラクター
羅刹,らせつ,人名,崩スタ/キャラクター
御空,ぎょくう,人名,崩スタ/キャラクター
刃,じん,人名,崩スタ/キャラクター
カフカ,かふか,人名,崩スタ/キャラクター
ルカ,るか,人名,崩スタ/キャラクター
飲月,いんげつ,人名,崩スタ/キャラクター
符玄,ふげん,人名,崩スタ/キャラクター
リンクス,りんくす,人名,崩スタ/キャラクター
鏡流,けいりゅう,人名,崩スタ/キャラクター
トパーズ&カブ,とぱーず&かぶ,人名,崩スタ/キャラクター
トパーズ,とぱーず,人名,崩スタ/キャラクター
桂乃芬,けいないふん,人名,崩スタ/キャラクター
フォフォ,ふぉふぉ,人名,崩スタ/キャラクター
アルジェンティ,あるじぇんてぃ,人名,崩スタ/キャラクター
寒鴉,かんあ,人名,崩スタ/キャラクター
ルアン・メェイ,るあん・めぇい,人名,崩スタ/キャラクター
ルアン,るあん,人名,崩スタ/キャラクター
Dr.レイシオ,れいしお,人名,崩スタ/キャラクター
レイシオ,れいしお,人名,崩スタ/キャラクター
雪衣,せつい,人名,崩スタ/キャラクター
ブラックスワン,ぶらっくすわん,人名,崩スタ/キャラクター
花火,はなび,人名,崩スタ/キャラクター
ミーシャ,みーしゃ,人名,崩スタ/キャラクター
黄泉,よみ,人名,崩スタ/キャラクター
アベンチュリン,あべんちゅりん,人名,崩スタ/キャラクター
ギャラガー,ぎゃらがー,人名,崩スタ/キャラクター
ロビン,ろびん,人名,崩スタ/キャラクター
ブートヒル,ぶーとひる,人名,崩スタ/キャラクター
ホタル,ほたる,人名,崩スタ/キャラクター
ジェイド,じぇいど,人名,崩スタ/キャラクター